matrix_size,iteration_norm,error_delta_normed,duration,error_time
10,0.1,0.154845745271,0.000397,390.039660633
10,0.2,0.367544467966,0.000284,1294.17066185
10,0.3,0.5,0.000292,1712.32876712
10,0.4,1.0,0.000316,3164.55696203
50,0.02,0.0215078904198,0.000441,48.7707265756
50,0.04,0.0339082169207,0.000486,69.769993664
50,0.06,0.018019493938,0.000573,31.4476333997
50,0.08,0.0250039569564,0.000461,54.2385183437
50,0.1,0.0330124431695,0.000465,70.9945014399
50,0.12,0.0234224538196,0.000456,51.3650303062
50,0.14,0.0295632051413,0.000477,61.9773692691
50,0.16,0.0367580513981,0.000513,71.6531216337
50,0.18,0.029604891466,0.000551,53.7293856008
50,0.2,0.0360479577163,0.000728,49.5164254344
50,0.22,0.0438171125325,0.000875,50.0767000371
50,0.24,0.0382307969164,0.000921,41.5100943718
50,0.26,0.0461080197895,0.000711,64.8495355689
50,0.28,0.0560248367087,0.000747,74.9997814038
50,0.3,0.0522932161538,0.00086,60.8060652951
50,0.32,0.0638970891009,0.000867,73.6990647069
50,0.34,0.0796420133832,0.000885,89.9909755742
50,0.36,0.0806316868425,0.000927,86.9813234547
50,0.38,0.103999496982,0.000958,108.558973885
50,0.4,0.141604924721,0.001013,139.787684818
50,0.42,0.170843802411,0.001067,160.116028502
50,0.44,0.282259437435,0.001247,226.350791848
50,0.46,1.0,0.001208,827.814569536
100,0.01,0.0103629739652,0.000634,16.3453848032
100,0.02,0.0159161353667,0.000502,31.7054489377
100,0.03,0.00818567656344,0.000485,16.877683636
100,0.04,0.0111114559839,0.000579,19.1907702659
100,0.05,0.0142254758671,0.00056,25.402635477
100,0.06,0.00973733028112,0.000612,15.910670394
100,0.07,0.0119288563164,0.000653,18.2677738383
100,0.08,0.0142718838197,0.000715,19.9606766709
100,0.09,0.0109979777574,0.00065,16.9199657806
100,0.1,0.0128622717327,0.000678,18.9709022606
100,0.11,0.0148645761731,0.000924,16.0872036505
100,0.12,0.0122370346709,0.000784,15.6084625905
100,0.13,0.0139476844634,0.001066,13.0841317668
100,0.14,0.0157942447532,0.000845,18.6914139091
100,0.15,0.0135724985148,0.000864,15.7089103181
100,0.16,0.0152293161613,0.001013,15.0338757762
100,0.17,0.0170280948909,0.001011,16.8428238288
100,0.18,0.0150908250253,0.001081,13.9600601529
100,0.19,0.0167676555206,0.001096,15.298955767
100,0.2,0.0186005078741,0.001154,16.1182910521
100,0.21,0.0168835993928,0.001212,13.9303625353
100,0.22,0.0186496554006,0.001245,14.9796428921
100,0.23,0.0205957862512,0.001256,16.3979189898
100,0.24,0.0190707353625,0.001309,14.5689345779
100,0.25,0.0210058421007,0.001376,15.2658736197
100,0.26,0.0231597533527,0.002844,8.14337319013
100,0.27,0.0218291653202,0.001592,13.7117872614
100,0.28,0.0240419774613,0.001674,14.3619937045
100,0.29,0.0265366351561,0.001713,15.4913223328
100,0.3,0.0254432979296,0.001716,14.8270966956
100,0.31,0.0281026891325,0.001783,15.7614633385
100,0.32,0.0311518866888,0.001874,16.6232052768
100,0.33,0.0304103101483,0.001939,15.6835018815
100,0.34,0.0338126447007,0.001971,17.1550708781
100,0.35,0.0378066598968,0.002018,18.734717491
100,0.36,0.0376926151387,0.002101,17.9403213416
100,0.37,0.0424338626767,0.002398,17.6955223839
100,0.38,0.0481999448688,0.003532,13.6466435076
100,0.39,0.0494362574917,0.002388,20.7019503734
100,0.4,0.0569580798071,0.002386,23.8717853341
100,0.41,0.0666666666667,0.003128,21.3128729753
100,0.42,0.0716117396774,0.00413,17.3394042803
100,0.43,0.086624861491,0.002887,30.0051477281
100,0.44,0.108539408187,0.002812,38.5986515602
100,0.45,0.129475732676,0.002989,43.3174080549
100,0.46,0.181401751295,0.00316,57.4056174983
100,0.47,0.298353584554,0.003005,99.2857186537
100,0.48,0.828501414857,0.003138,264.022120732
100,0.49,0.999999999994,0.003328,300.480769229
500,0.002,0.00201410073549,0.001828,1.10180565399
500,0.004,0.00303490836469,0.001319,2.30091612183
500,0.006,0.00152555390126,0.001238,1.23227294124
500,0.008,0.00204081845367,0.00141,1.44738897423
500,0.01,0.00256213590377,0.002121,1.20798486741
500,0.012,0.0017161502264,0.001702,1.00831388155
500,0.014,0.00206682962945,0.001501,1.37696844068
500,0.016,0.00242172989995,0.001392,1.73974849134
500,0.018,0.00182458121497,0.00154,1.18479299673
500,0.02,0.00209314724535,0.001477,1.41716130355
500,0.022,0.00236500134008,0.001418,1.66784297608
500,0.024,0.00190054020375,0.001492,1.2738205119
500,0.026,0.00211999390457,0.001728,1.2268483244
500,0.028,0.00234217291676,0.00284,0.824708773507
500,0.03,0.00196061145733,0.001912,1.02542440237
500,0.032,0.00214746131883,0.002994,0.71725494951
500,0.034,0.0023366617715,0.001756,1.3306729906
500,0.036,0.00201191877562,0.00184,1.09343411718
500,0.038,0.00217560475283,0.002061,1.05560638177
500,0.04,0.00234137525665,0.002098,1.11600345884
500,0.042,0.00205803881451,0.002642,0.778970028203
500,0.044,0.00220446672088,0.003838,0.574379030974
500,0.046,0.00235278161427,0.002684,0.876595236316
500,0.048,0.00210097247477,0.002364,0.888736241442
500,0.05,0.00223408495535,0.002337,0.955962753679
500,0.052,0.00236893294531,0.002481,0.954829885252
500,0.054,0.00214193357937,0.002706,0.791549733691
500,0.056,0.00226449565996,0.002678,0.845592106034
500,0.058,0.00238867428665,0.002835,0.842565885944
500,0.06,0.00218170744548,0.002674,0.81589657647
500,0.062,0.00229573505379,0.00427,0.537642869741
500,0.064,0.00241128410888,0.003534,0.682310160973
500,0.066,0.00222083024101,0.005057,0.439159628438
500,0.068,0.00232784020863,0.00333,0.699051113701
500,0.07,0.00243629461018,0.00354,0.688218816434
500,0.072,0.00225968562839,0.003603,0.627167812487
500,0.074,0.00236084956608,0.003836,0.615445663734
500,0.076,0.00246339501041,0.003989,0.617547006872
500,0.078,0.00229856005651,0.004162,0.552272959278
500,0.08,0.00239480330086,0.003815,0.627733499571
500,0.082,0.00249237635622,0.004294,0.580432313977
500,0.084,0.00233767600384,0.003869,0.604206772768
500,0.086,0.00242974360827,0.00461,0.527059351034
500,0.088,0.00252309847386,0.006189,0.407674660503
500,0.09,0.00237721282531,0.006433,0.369534093784
500,0.092,0.00246571495593,0.004848,0.508604570117
500,0.094,0.00255546938823,0.004629,0.552056467538
500,0.096,0.00241732031401,0.005156,0.468836368117
500,0.098,0.00250276432162,0.004964,0.504182981794
500,0.1,0.00258943208273,0.005361,0.483012886165
500,0.102,0.00245812781796,0.005421,0.453445456181
500,0.104,0.00254094143008,0.006639,0.382729542112
500,0.106,0.00262495575325,0.007402,0.354627905059
500,0.108,0.00249975055726,0.010178,0.245603316689
500,0.11,0.00258029899723,0.006928,0.372445005373
500,0.112,0.00266202990919,0.007549,0.352633449356
500,0.114,0.00254229412972,0.007523,0.33793621291
500,0.116,0.00262089298787,0.00667,0.392937479441
500,0.118,0.00270066033397,0.00856,0.315497702566
500,0.12,0.0025858578176,0.008401,0.307803573099
500,0.122,0.00266278289156,0.006822,0.390322909933
500,0.124,0.00274086629497,0.007263,0.377373853086
500,0.126,0.00263053708653,0.007127,0.369094582087
500,0.128,0.00270603202078,0.007692,0.35179823463
500,0.13,0.00278267861568,0.009116,0.305252151786
500,0.132,0.00267642553273,0.010084,0.265413083373
500,0.134,0.00275070783552,0.007648,0.359663681422
500,0.136,0.00282613835908,0.008507,0.332213278369
500,0.138,0.00272361645069,0.008845,0.307927241458
500,0.14,0.00279688229822,0.011075,0.252540162368
500,0.142,0.00287129595607,0.011278,0.254592654378
500,0.144,0.00277220413982,0.008689,0.319047547453
500,0.146,0.00284463226337,0.009267,0.306963662822
500,0.148,0.00291821066787,0.008896,0.328036271119
500,0.15,0.00282228503367,0.009046,0.311992597134
500,0.152,0.00289403990644,0.012967,0.223185000882
500,0.154,0.00296695030707,0.009667,0.306915310548
500,0.156,0.00287395871256,0.010891,0.263883822657
500,0.158,0.00294519319738,0.009916,0.297014239348
500,0.16,0.00301759116642,0.012207,0.247201701189
500,0.162,0.00292732884477,0.013104,0.223392005858
500,0.164,0.00299818642449,0.011935,0.251209587306
500,0.166,0.00307021812127,0.011186,0.274469705102
500,0.168,0.00298250409166,0.015679,0.190222851691
500,0.17,0.00305312077534,0.015865,0.192443792962
500,0.172,0.00312492488342,0.015235,0.20511485943
500,0.174,0.00303959900492,0.020456,0.148592051473
500,0.176,0.00311010498223,0.021412,0.145250559604
500,0.178,0.00318181439304,0.014729,0.21602378933
500,0.18,0.00309873493994,0.015325,0.202201301138
500,0.182,0.00316925604109,0.014083,0.225041258332
500,0.184,0.00324099934191,0.013739,0.235897761257
500,0.186,0.0031600410065,0.01507,0.209690843166
500,0.188,0.00323070001358,0.018225,0.177267490457
500,0.19,0.00330260282676,0.013825,0.238886280417
500,0.192,0.00322365507684,0.015142,0.212894933089
500,0.194,0.00329457292417,0.019568,0.168365337499
500,0.196,0.00336675913583,0.016341,0.20603140174
500,0.198,0.00328972487035,0.01767,0.186175714225
500,0.2,0.00336102176568,0.016764,0.200490441761
500,0.202,0.00343361467603,0.015525,0.22116680683
500,0.204,0.00335840913526,0.01706,0.196858683192
500,0.206,0.00343020562867,0.017911,0.191513909255
500,0.208,0.00350332905206,0.015111,0.231839656678
500,0.21,0.00342987894838,0.016875,0.20325208583
500,0.212,0.00350229697329,0.018281,0.19158125777
500,0.214,0.00357607631249,0.018389,0.194468231687
500,0.216,0.00350431915647,0.020849,0.168080922657
500,0.218,0.00357748306475,0.01711,0.209087262697
500,0.22,0.00365204638252,0.016838,0.21689312166
500,0.222,0.00358192998535,0.019705,0.181777720647
500,0.224,0.0036559675977,0.01785,0.204816111916
500,0.226,0.00373144670748,0.01837,0.203127202367
500,0.228,0.00366292884676,0.021101,0.173590296515
500,0.23,0.00373797253907,0.019016,0.196569864276
500,0.232,0.00381450413657,0.022355,0.170633153056
500,0.234,0.00374755237744,0.019745,0.189797537475
500,0.236,0.00382374022464,0.042126,0.0907691265404
500,0.238,0.00390146708266,0.038976,0.100099217022
500,0.24,0.00383605875108,0.024066,0.15939743834
500,0.242,0.0039135357509,0.025715,0.152188829512
500,0.244,0.00399260800133,0.057945,0.0689034084275
500,0.246,0.00392873031051,0.041075,0.0956477251494
500,0.248,0.004007649712,0.030775,0.130224198603
500,0.25,0.00408822624108,0.034981,0.116869907695
500,0.252,0.00402587657697,0.025927,0.155277377906
500,0.254,0.00410640134128,0.022216,0.184839815506
500,0.256,0.00418865132762,0.02202,0.190220314606
500,0.258,0.00412783770387,0.022526,0.183247700607
500,0.26,0.00421014212894,0.021723,0.193810345207
500,0.262,0.00429424675811,0.024398,0.176008146492
500,0.264,0.0042349884563,0.02607,0.162446814588
500,0.266,0.00431926000233,0.026846,0.160890263068
500,0.268,0.00440541439737,0.031265,0.140905626015
500,0.27,0.00434774281442,0.030082,0.144529712599
500,0.272,0.00443418417344,0.028098,0.157811380648
500,0.274,0.00452259958816,0.024445,0.185011232897
500,0.276,0.0044665593199,0.027791,0.160719632971
500,0.278,0.00455539078146,0.024431,0.186459448302
500,0.28,0.0046462971125,0.02534,0.183358212806
500,0.282,0.00459194731104,0.024401,0.188186849352
500,0.284,0.00468340948675,0.026339,0.177812729669
500,0.286,0.00477705817226,0.02695,0.177256332923
500,0.288,0.00472447422534,0.027015,0.174883369437
500,0.29,0.00481883120873,0.031457,0.153187882148
500,0.292,0.00491549859666,0.032516,0.151171687682
500,0.294,0.00486477419043,0.034345,0.141644320583
500,0.296,0.00496231724623,0.032782,0.151373230621
500,0.298,0.00506230853434,0.029272,0.172940302485
500,0.3,0.00501355817791,0.029403,0.170511790563
500,0.302,0.00511461007726,0.028984,0.176463223753
500,0.304,0.00521826395187,0.034471,0.151381275619
500,0.306,0.0051716260632,0.041543,0.124488507407
500,0.308,0.00527654621031,0.030182,0.174824273087
500,0.31,0.00538424034268,0.031236,0.172372914031
500,0.312,0.00533988102347,0.032746,0.163069719156
500,0.314,0.00544907155697,0.029578,0.18422718091
500,0.316,0.00556122915783,0.041728,0.133273321459
500,0.318,0.005519346821,0.032383,0.17043963873
500,0.32,0.00563325992217,0.037066,0.151979170187
500,0.322,0.00575035760932,0.031628,0.181812242611
500,0.324,0.00571118867083,0.031031,0.184047844763
500,0.326,0.00583033537581,0.030151,0.193371210766
500,0.328,0.00595291268159,0.038839,0.153271522995
500,0.33,0.00591673859166,0.033179,0.178327815536
500,0.332,0.00604169949059,0.031044,0.194617300947
500,0.334,0.00617037043188,0.035997,0.171413463119
500,0.336,0.0061375264064,0.041535,0.147767579304
500,0.338,0.00626896472749,0.036835,0.170190436473
500,0.34,0.00640443198952,0.034299,0.186723577641
500,0.342,0.00637531791841,0.035679,0.178685442933
500,0.344,0.006513995651,0.033929,0.191989025642
500,0.346,0.0066570681112,0.033406,0.199277618128
500,0.348,0.00663216227978,0.035466,0.187000571809
500,0.35,0.00677896020351,0.036822,0.184100814826
500,0.352,0.00693057476176,0.043232,0.160311222284
500,0.354,0.00691045124226,0.040646,0.170015530243
500,0.356,0.00706639402481,0.043132,0.163831819179
500,0.358,0.0072276430401,0.041935,0.172353476573
500,0.36,0.007212993921,0.041929,0.172028761025
500,0.362,0.00737928186001,0.039455,0.187030334812
500,0.364,0.00755144796299,0.038195,0.197707761827
500,0.366,0.00754311202612,0.038929,0.193765882147
500,0.368,0.00772116159831,0.038814,0.198927232398
500,0.37,0.00790576231919,0.043284,0.182648607319
500,0.372,0.00790476241268,0.041084,0.192404887856
500,0.374,0.008096258639,0.046457,0.17427424584
500,0.376,0.00829510426026,0.049381,0.167981698634
500,0.378,0.00830269655168,0.049443,0.167924611202
500,0.38,0.00850966142537,0.043384,0.196147460478
500,0.382,0.00872493089644,0.040484,0.215515534444
500,0.384,0.00874267058578,0.042616,0.205149957429
500,0.386,0.00896755365417,0.046165,0.194250052078
500,0.388,0.00920189554457,0.045462,0.202408506985
500,0.39,0.00923172573581,0.049239,0.187488083345
500,0.392,0.00947752572435,0.055497,0.170775460373
500,0.394,0.00973419445953,0.066451,0.146486801696
500,0.396,0.00977856817259,0.060916,0.160525447708
500,0.398,0.0100489988746,0.052259,0.192292215209
500,0.4,0.0103320415994,0.064537,0.160094854105
500,0.402,0.0103940921048,0.104664,0.099309142635
500,0.404,0.0106938126325,0.064093,0.166848370845
500,0.406,0.0110083301997,0.046844,0.234999790789
500,0.408,0.011092113302,0.048022,0.230979828036
500,0.41,0.0114270539714,0.064653,0.176744373369
500,0.412,0.0117795729351,0.069206,0.170210284297
500,0.414,0.0118904189222,0.059707,0.199146145715
500,0.416,0.0122682527483,0.054962,0.223213361019
500,0.418,0.0126672678665,0.052665,0.240525355863
500,0.42,0.0128123050999,0.054746,0.234031803236
500,0.422,0.0132431472092,0.052693,0.251326498951
500,0.424,0.013699933528,0.052127,0.26281837681
500,0.426,0.0138888888889,0.052248,0.265826230456
500,0.428,0.0143863641171,0.054255,0.265161996445
500,0.43,0.0149162295951,0.052873,0.282114303994
500,0.432,0.0151626912535,0.056459,0.268561101924
500,0.434,0.0157456185757,0.058447,0.269399944834
500,0.436,0.0163699047166,0.053263,0.307341019405
500,0.438,0.0166933886666,0.055031,0.3033451812
500,0.44,0.0173885438784,0.059699,0.291270270497
500,0.442,0.0181379547028,0.059522,0.304726902705
500,0.444,0.018567436579,0.064668,0.287119387935
500,0.446,0.0194142969922,0.063462,0.305920030761
500,0.448,0.0203347162176,0.058191,0.349447787761
500,0.45,0.0209149903403,0.073083,0.286181332735
500,0.452,0.0219743499542,0.096819,0.226963198899
500,0.454,0.0231376301208,0.088759,0.260679256422
500,0.456,0.0239415145721,0.065019,0.368223358896
500,0.458,0.0253122405112,0.057626,0.43925034726
500,0.46,0.0268377546768,0.056651,0.473738410209
500,0.462,0.0279914764774,0.058335,0.479840172751
500,0.464,0.029846072499,0.057851,0.515912819122
500,0.466,0.031948064689,0.055678,0.573800508082
500,0.468,0.0336898664189,0.062146,0.542108364478
500,0.47,0.0363591408739,0.05978,0.608215805853
500,0.472,0.039464869343,0.057209,0.68983672749
500,0.474,0.0423009345311,0.062721,0.674430167426
500,0.476,0.0465103395149,0.058705,0.792272200238
500,0.478,0.0516130265852,0.066164,0.78007718072
500,0.48,0.0568272905002,0.05992,0.948386023035
500,0.482,0.0645341394509,0.061533,1.04877284467
500,0.484,0.0745878403661,0.059944,1.24429201198
500,0.486,0.0865726118098,0.062774,1.37911574553
500,0.488,0.10543663983,0.069083,1.52623134244
500,0.49,0.134633922846,0.068284,1.97167598334
500,0.492,0.182274680106,0.060471,3.01424947671
500,0.494,0.291832292814,0.076974,3.79130995939
500,0.496,0.999999999972,0.063574,15.7297008206
1000,0.001,0.0010035125458,0.002099,0.478090779322
1000,0.002,0.00150867573969,0.002487,0.606624744546
1000,0.003,0.000756334407965,0.002903,0.260535448834
1000,0.004,0.00101010126788,0.002148,0.470251986911
1000,0.005,0.00126534278189,0.00227,0.557419727704
1000,0.006,0.00084552310713,0.002324,0.363822335254
1000,0.007,0.00101643258521,0.002373,0.428332315722
1000,0.008,0.00118835454932,0.002461,0.482874664496
1000,0.009,0.000893256096084,0.002506,0.356446965716
1000,0.01,0.0010227565959,0.002585,0.395650520658
1000,0.011,0.00115303350113,0.00247,0.466815182644
1000,0.012,0.000924451946358,0.002704,0.341883116257
1000,0.013,0.00102912448792,0.003346,0.30756858575
1000,0.014,0.00113443031414,0.004388,0.258530153633
1000,0.015,0.000947418497875,0.003812,0.248535807417
1000,0.016,0.00103555429917,0.003963,0.261305652074
1000,0.017,0.0011242274493,0.003291,0.341606639106
1000,0.018,0.000965717270174,0.00319,0.302732686575
1000,0.019,0.00104205461872,0.003732,0.279221494835
1000,0.02,0.00111886060471,0.004283,0.26123292195
1000,0.021,0.00098112984345,0.003869,0.253587449845
1000,0.022,0.00104863051519,0.003699,0.283490271747
1000,0.023,0.00111654824481,0.004045,0.276031704526
1000,0.024,0.00099464670782,0.004592,0.216604248219
1000,0.025,0.0010552855141,0.004445,0.237409564476
1000,0.026,0.00111630127919,0.006623,0.168549189067
1000,0.027,0.00100686281857,0.006341,0.158786124991
1000,0.028,0.00106202238968,0.004457,0.238281891335
1000,0.029,0.00111752689036,0.004706,0.237468527488
1000,0.03,0.00101815739959,0.004713,0.216031699467
1000,0.031,0.00106884352556,0.005238,0.204055655893
1000,0.032,0.00111984844146,0.004969,0.225366963465
1000,0.033,0.0010287838476,0.005155,0.199570096528
1000,0.034,0.00107575109579,0.005621,0.191380732217
1000,0.035,0.00112301542514,0.007274,0.154387603126
1000,0.036,0.00103891814364,0.007712,0.13471448958
1000,0.037,0.00108274716297,0.006111,0.177180029941
1000,0.038,0.00112685497281,0.005801,0.194251848442
1000,0.039,0.00104868651767,0.00607,0.172765488908
1000,0.04,0.00108983373496,0.006438,0.1692814127
1000,0.041,0.00113124414516,0.006343,0.178345285379
1000,0.042,0.00105818204822,0.006728,0.157280328213
1000,0.043,0.0010970127996,0.008517,0.128802723917
1000,0.044,0.00113609330653,0.008811,0.128940336685
1000,0.045,0.00106747503782,0.007471,0.142882483981
1000,0.046,0.00110428634692,0.00773,0.142857224698
1000,0.047,0.00114133573428,0.007355,0.155178209963
1000,0.048,0.00107661972718,0.008089,0.133096764394
1000,0.049,0.00111165638417,0.010398,0.10691059667
1000,0.05,0.0011469208958,0.009128,0.125648652037
1000,0.051,0.00108565877193,0.00793,0.136905267582
1000,0.052,0.00111912494648,0.008559,0.130754170636
1000,0.053,0.00115280996713,0.0086,0.134047670597
1000,0.054,0.00109462630621,0.01034,0.105863279131
1000,0.055,0.00112669410462,0.011147,0.101075993955
1000,0.056,0.00115897276724,0.00923,0.125565846938
1000,0.057,0.00110355008787,0.0099,0.111469705845
1000,0.058,0.00113436597116,0.009758,0.116249843325
1000,0.059,0.00116538561258,0.0119,0.0979315640821
1000,0.06,0.00111245303122,0.011808,0.0942118081991
1000,0.061,0.00114214270538,0.010413,0.109684308593
1000,0.062,0.00117202978523,0.010925,0.107279614209
1000,0.063,0.00112135432243,0.01117,0.100389822957
1000,0.064,0.00115002651742,0.014557,0.0790016155404
1000,0.065,0.0011788904194,0.012715,0.0927165095874
1000,0.066,0.00113027024452,0.012338,0.0916088705234
1000,0.067,0.00115801967199,0.014611,0.0792567019364
1000,0.068,0.00118595567899,0.014306,0.0828991806925
1000,0.069,0.00113921479665,0.012506,0.0910934588717
1000,0.07,0.00116612449171,0.013015,0.0895985010916
1000,0.071,0.00119321614132,0.015541,0.0767785947702
1000,0.072,0.00114820016542,0.014849,0.0773250835354
1000,0.073,0.00117434336023,0.014165,0.0829045789081
1000,0.074,0.00120066432949,0.015345,0.0782446614197
1000,0.075,0.00115723708795,0.016628,0.0695956872717
1000,0.076,0.00118267872531,0.01477,0.0800730348887
1000,0.077,0.00120829435308,0.015443,0.0782422037869
1000,0.078,0.00116633513495,0.018554,0.0628616543577
1000,0.079,0.00119113310169,0.015742,0.0756659320094
1000,0.08,0.00121610162952,0.016418,0.0740712406819
1000,0.081,0.00117550293365,0.018644,0.0630499320773
1000,0.082,0.00119970907413,0.017099,0.0701625284597
1000,0.083,0.0012240826656,0.019405,0.0630807866838
1000,0.084,0.00118474834527,0.018278,0.0648182703399
1000,0.085,0.0012084093003,0.017899,0.0675126711157
1000,0.086,0.00123223488498,0.022721,0.0542333033308
1000,0.087,0.00119407860765,0.018784,0.0635689207652
1000,0.088,0.00121723651381,0.02179,0.0558621621756
1000,0.089,0.00124055649073,0.02088,0.059413625035
1000,0.09,0.00120350045085,0.020579,0.0584819695248
1000,0.091,0.00122619352727,0.022607,0.0542395509032
1000,0.092,0.00124904635521,0.019784,0.0631341667615
1000,0.093,0.00121302019175,0.022598,0.0536782100961
1000,0.094,0.00123528323547,0.020414,0.0605115722285
1000,0.095,0.00125770393121,0.022602,0.0556456920276
1000,0.096,0.00122264381213,0.02271,0.0538372440393
1000,0.097,0.00124450861862,0.023004,0.0540996617378
1000,0.098,0.00126652917998,0.023476,0.0539499565506
1000,0.099,0.00123237702362,0.022249,0.0553902208469
1000,0.1,0.00125387274569,0.025388,0.0493884018311
1000,0.101,0.00127552251265,0.022833,0.0558631153439
1000,0.102,0.00124222532222,0.028246,0.0439788048652
1000,0.103,0.00126337877795,0.02438,0.0518202944196
1000,0.104,0.00128468474236,0.027543,0.0466428763156
1000,0.105,0.00125219403443,0.025373,0.0493514379234
1000,0.106,0.00127302997259,0.0269,0.0473245342968
1000,0.107,0.00129401704519,0.028486,0.0454264215823
1000,0.108,0.00126228835665,0.029192,0.0432409001318
1000,0.109,0.00128282968647,0.029861,0.0429600377238
1000,0.11,0.00130352092811,0.026473,0.0492396376727
1000,0.111,0.00127251338906,0.030291,0.0420096196579
1000,0.112,0.00129278138013,0.028218,0.0458140683297
1000,0.113,0.00131319820277,0.029258,0.044883389253
1000,0.114,0.00128287416511,0.031557,0.0406526021204
1000,0.115,0.00130288862183,0.028763,0.0452973828123
1000,0.116,0.00132305096414,0.032626,0.0405520432828
1000,0.117,0.00129337567734,0.031171,0.0414929157658
1000,0.118,0.00131315509192,0.031947,0.0411041754131
1000,0.119,0.00133308157321,0.032796,0.0406476879256
1000,0.12,0.0013040229002,0.031788,0.0410224896249
1000,0.121,0.0013235845873,0.032247,0.0410452007103
1000,0.122,0.00134329264292,0.033522,0.0400719719266
1000,0.123,0.00131482081052,0.033194,0.0396101949304
1000,0.124,0.00133418102614,0.034255,0.0389485046311
1000,0.125,0.00135368702717,0.038709,0.0349708601919
1000,0.126,0.00132577440594,0.036297,0.0365257295629
1000,0.127,0.0013449484528,0.032888,0.0408948082218
1000,0.128,0.00136426781207,0.033254,0.0410256754696
1000,0.129,0.00133688872172,0.032827,0.0407252786341
1000,0.13,0.00135589104301,0.030382,0.0446281035812
1000,0.131,0.00137503830944,0.033332,0.0412527993952
1000,0.132,0.00134816884623,0.033469,0.0402811212234
1000,0.133,0.00136701310927,0.033137,0.0412533756608
1000,0.134,0.00138600205209,0.034965,0.0396396983295
1000,0.135,0.00135961993536,0.036397,0.0373552747578
1000,0.136,0.00137831910656,0.035146,0.0392169551744
1000,0.137,0.00139716279068,0.037083,0.0376766386397
1000,0.138,0.00137124722614,0.037874,0.0362055031456
1000,0.139,0.00138981363826,0.036924,0.0376398450401
1000,0.14,0.00140852449203,0.036503,0.038586540614
1000,0.141,0.00138305604958,0.039023,0.0354420738943
1000,0.142,0.00140150146244,0.039463,0.0355143162567
1000,0.143,0.00142009133875,0.03867,0.0367233343353
1000,0.144,0.00139505184309,0.038346,0.0363806353488
1000,0.145,0.00141338749841,0.044151,0.0320125817855
1000,0.146,0.00143186772991,0.040973,0.0349466167943
1000,0.147,0.00140724016244,0.040145,0.0350539335518
1000,0.148,0.00142547683367,0.042766,0.0333320121983
1000,0.149,0.00144385828292,0.041294,0.0349653286898
1000,0.15,0.00141962669352,0.042455,0.0334383863742
1000,0.151,0.00143777473114,0.040738,0.0352932085803
1000,0.152,0.00145606783623,0.043778,0.0332602639735
1000,0.153,0.00143221726387,0.045764,0.0312957185533
1000,0.154,0.00145028663682,0.043447,0.0333805932934
1000,0.155,0.00146850145311,0.044604,0.0329230888062
1000,0.156,0.00144501785424,0.044332,0.0325953680015
1000,0.157,0.00146301818783,0.044602,0.0328016274568
1000,0.158,0.00148116442617,0.044634,0.0331846669842
1000,0.159,0.00145803461002,0.047473,0.0307129233464
1000,0.16,0.00147597522089,0.044307,0.0333124612565
1000,0.161,0.00149406228281,0.046938,0.0318305484428
1000,0.162,0.00147127385291,0.047628,0.0308909434138
1000,0.163,0.00148916378125,0.046493,0.0320298492515
1000,0.164,0.00150720079143,0.044209,0.03409262348
1000,0.165,0.00148474209267,0.044211,0.0335830922773
1000,0.166,0.00150259013208,0.048972,0.0306826376722
1000,0.167,0.00152058596848,0.047153,0.032247915689
1000,0.168,0.00149844603911,0.051339,0.0291872852824
1000,0.169,0.00151626076441,0.046869,0.0323510372403
1000,0.17,0.0015342240863,0.047427,0.032349170015
1000,0.171,0.00151239261441,0.047871,0.0315930858851
1000,0.172,0.00153018240759,0.047248,0.0323861837027
1000,0.173,0.00154812168173,0.048569,0.0318746871816
1000,0.174,0.00152658896575,0.048925,0.0312026359887
1000,0.175,0.0015443620403,0.051233,0.030143892419
1000,0.176,0.00156228556552,0.051676,0.0302323238161
1000,0.177,0.00154104247842,0.049665,0.0310287421408
1000,0.178,0.0015588069023,0.050828,0.0306682714705
1000,0.179,0.00157672283266,0.052133,0.0302442374822
1000,0.18,0.00155576078937,0.052469,0.0296510470825
1000,0.181,0.00157352450669,0.05315,0.0296053529009
1000,0.182,0.00159144087338,0.055846,0.0284969536471
1000,0.183,0.00157075180129,0.05289,0.0296984647626
1000,0.184,0.00158852265293,0.053814,0.0295187619008
1000,0.185,0.00160644738517,0.056528,0.0284186135219
1000,0.186,0.00158602369735,0.054631,0.0290315699392
1000,0.187,0.0016038094407,0.056603,0.0283343540218
1000,0.188,0.00162175038561,0.059276,0.0273593087525
1000,0.189,0.00160158495654,0.058009,0.0276092495396
1000,0.19,0.0016193932844,0.059634,0.0271555368482
1000,0.191,0.00163735822621,0.060377,0.0271189066401
1000,0.192,0.00161744436983,0.056761,0.0284956989805
1000,0.193,0.00163528292868,0.056166,0.0291151751714
1000,0.194,0.00165327960713,0.060894,0.027150123282
1000,0.195,0.00163361105706,0.058262,0.0280390487291
1000,0.196,0.00165148746471,0.057493,0.028725018084
1000,0.197,0.00166952359306,0.056905,0.0293387855734
1000,0.198,0.0016500944847,0.060211,0.0274051997923
1000,0.199,0.0016680163476,0.058032,0.0287430443134
1000,0.2,0.00168609963006,0.064969,0.0259523715935
1000,0.201,0.00166690448465,0.058746,0.0283747741914
1000,0.202,0.00168487941477,0.058635,0.0287350458731
1000,0.203,0.00170301756368,0.061175,0.0278384562922
1000,0.204,0.00168405127399,0.058841,0.0286203714075
1000,0.205,0.00170208690547,0.068624,0.0248030850063
1000,0.206,0.00172028765821,0.064,0.0268794946596
1000,0.207,0.00170154547586,0.066212,0.0256984455365
1000,0.208,0.00171964948154,0.064773,0.0265488626671
1000,0.209,0.00173792061728,0.066615,0.026089028256
1000,0.21,0.00171939814159,0.068376,0.025146222967
1000,0.211,0.00173757824938,0.064542,0.0269216672768
1000,0.212,0.00175592760579,0.065981,0.0266126249343
1000,0.213,0.00173762077409,0.07209,0.0241034924967
1000,0.214,0.00175588478344,0.066014,0.026598672758
1000,0.215,0.00177432027342,0.077302,0.0229530966006
1000,0.216,0.00175622535267,0.066679,0.0263385076661
1000,0.217,0.00177458115111,0.068766,0.0258060836913
1000,0.218,0.00179311077959,0.069039,0.0259724326771
1000,0.219,0.00177522435941,0.073571,0.0241294036973
1000,0.22,0.00179367993924,0.068828,0.0260603234038
1000,0.221,0.00181231182025,0.070171,0.0258270770012
1000,0.222,0.00179463080715,0.075467,0.0237803385208
1000,0.223,0.00181319428239,0.070084,0.0258717293875
1000,0.224,0.00183193665635,0.072293,0.025340443146
1000,0.225,0.00181445826924,0.074899,0.0242254004625
1000,0.226,0.001833137893,0.072738,0.0252019287443
1000,0.227,0.00185199914439,0.071409,0.0259350942373
1000,0.228,0.00183472091131,0.068119,0.0269340552755
1000,0.229,0.00185352509348,0.072816,0.025454915039
1000,0.23,0.00187251376897,0.072964,0.0256635295346
1000,0.231,0.00185543352497,0.074838,0.0247926658245
1000,0.232,0.00187437085051,0.070781,0.026481271111
1000,0.233,0.00189349567762,0.077711,0.0243658642614
1000,0.234,0.00187661156393,0.080727,0.0232463929531
1000,0.235,0.00189569081171,0.076544,0.0247660275359
1000,0.236,0.00191496071812,0.073448,0.0260723330536
1000,0.237,0.00189827118239,0.080962,0.0234464462636
1000,0.238,0.00191750134481,0.074198,0.0258430327611
1000,0.239,0.00193692547838,0.081235,0.023843484685
1000,0.24,0.00192042927622,0.077487,0.0247838898941
1000,0.241,0.00193981957953,0.079725,0.0243313838762
1000,0.242,0.00195940732919,0.081599,0.0240126389929
1000,0.243,0.00194310352688,0.07821,0.0248446941168
1000,0.244,0.00196266345248,0.07966,0.0246380046759
1000,0.245,0.00198242446999,0.079982,0.0247858826984
1000,0.246,0.00196631244848,0.082058,0.0239624710385
1000,0.247,0.00198605175521,0.081507,0.0243666403524
1000,0.248,0.00200599597806,0.081964,0.0244741103175
1000,0.249,0.00199007543822,0.085672,0.0232290064224
1000,0.25,0.00201000418578,0.08401,0.0239257729529
1000,0.251,0.00203014186123,0.082175,0.0247051032703
1000,0.252,0.00201441283045,0.088773,0.0226917286839
1000,0.253,0.00203454140409,0.089567,0.0227153014402
1000,0.254,0.00205488311452,0.090741,0.0226455859481
1000,0.255,0.00203934595471,0.08668,0.0235272952782
1000,0.256,0.00205968509133,0.089243,0.0230795142626
1000,0.257,0.00208024178101,0.082727,0.0251458626689
1000,0.258,0.00206489719807,0.085521,0.0241449140921
1000,0.259,0.00208545801384,0.083473,0.0249836236129
1000,0.26,0.00210624101738,0.091539,0.0230092203037
1000,0.261,0.00209109007216,0.089129,0.0234613882368
1000,0.262,0.00211188409189,0.087096,0.0242477736278
1000,0.263,0.00213290516441,0.089945,0.0237134378165
1000,0.264,0.00211794928538,0.091152,0.0232353572646
1000,0.265,0.00213898847372,0.093519,0.0228722342382
1000,0.266,0.00216025982298,0.091744,0.023546606023
1000,0.267,0.0021455008206,0.095055,0.0225711516554
1000,0.268,0.00216679761538,0.091618,0.0236503483527
1000,0.269,0.00218833193607,0.093104,0.0235041666961
1000,0.27,0.00217377201905,0.091612,0.0237280271039
1000,0.271,0.00219533936684,0.097901,0.0224240750027
1000,0.272,0.00221714987727,0.101204,0.0219077297071
1000,0.273,0.00220279167077,0.094615,0.0232816326246
1000,0.274,0.00222464306504,0.097972,0.0227069271326
1000,0.275,0.0022467435464,0.098438,0.0228239454926
1000,0.276,0.00223259011252,0.107505,0.0207673141949
1000,0.277,0.00225473963446,0.096751,0.0233045615494
1000,0.278,0.00227714447298,0.104206,0.0218523354987
1000,0.279,0.00226319933348,0.096719,0.0233997387637
1000,0.28,0.00228566169602,0.101701,0.0224743286302
1000,0.281,0.00230838592826,0.103169,0.0223748018132
1000,0.282,0.00229465308992,0.100787,0.0227673518402
1000,0.283,0.00231744368494,0.100315,0.0231016665996
1000,0.284,0.00234050304668,0.099601,0.0234987906414
1000,0.285,0.00232698702933,0.107178,0.02171142426
1000,0.286,0.00235012197874,0.102115,0.0230144638764
1000,0.287,0.00237353295759,0.100927,0.0235173239826
1000,0.288,0.00236023882533,0.102599,0.0230045012654
1000,0.289,0.00238373503613,0.103841,0.0229556248122
1000,0.29,0.00240751492844,0.103004,0.0233730236539
1000,0.291,0.00239444832404,0.100904,0.0237299643626
1000,0.292,0.00241832354794,0.103616,0.0233392868663
1000,0.293,0.00244249052046,0.104254,0.0234282667376
1000,0.294,0.00242965770352,0.105665,0.0229939687079
1000,0.295,0.00245393060151,0.109706,0.0223682442301
1000,0.296,0.00247850375813,0.110015,0.0225287802403
1000,0.297,0.00246591164726,0.109094,0.0226035496659
1000,0.298,0.00249060185975,0.10988,0.0226665622474
1000,0.299,0.00251560131406,0.104223,0.024136719477
1000,0.3,0.00250325753344,0.107185,0.0233545508554
1000,0.301,0.00252838575647,0.110105,0.0229634054445
1000,0.302,0.00255383271062,0.111327,0.0229399221269
1000,0.303,0.00254174564162,0.113249,0.0224438683045
1000,0.304,0.00256733370983,0.116627,0.0220132020015
1000,0.305,0.00259325054048,0.112397,0.0230722398328
1000,0.306,0.00258142937863,0.113951,0.0226538545395
1000,0.307,0.00260750035579,0.112977,0.0230799220708
1000,0.308,0.00263391070789,0.116232,0.0226608051818
1000,0.309,0.00262236552598,0.118446,0.0221397558886
1000,0.31,0.00264894380381,0.121107,0.0218727555287
1000,0.311,0.00267587269304,0.115893,0.0230891658085
1000,0.312,0.00266461451102,0.116798,0.022813871051
1000,0.313,0.00269172591737,0.119891,0.0224514427052
1000,0.314,0.00271919984235,0.122159,0.0222595129491
1000,0.315,0.00270824070469,0.118355,0.0228823514401
1000,0.316,0.00273591262208,0.119027,0.0229856471396
1000,0.317,0.00276395968733,0.125186,0.0220788242083
1000,0.318,0.00275331274898,0.122498,0.0224763894021
1000,0.319,0.00278157424468,0.120988,0.0229904969474
1000,0.32,0.00281022429572,0.121052,0.0232150174778
1000,0.321,0.00279990391741,0.120738,0.0231899146698
1000,0.322,0.0028287858865,0.122548,0.0230830848851
1000,0.323,0.00285807065846,0.118381,0.0241429845876
1000,0.324,0.00284809251273,0.125957,0.022611625497
1000,0.325,0.00287762783572,0.119085,0.0241644861714
1000,0.326,0.00290758111712,0.120594,0.024110495689
1000,0.327,0.0028979623063,0.131879,0.021974403099
1000,0.328,0.00292818602295,0.125723,0.0232907743448
1000,0.329,0.00295884383654,0.13161,0.0224819074276
1000,0.33,0.00294960302425,0.143235,0.0205927533372
1000,0.331,0.00298055252582,0.124602,0.0239205833439
1000,0.332,0.00301195332859,0.127506,0.0236220517356
1000,0.333,0.00300311088655,0.132621,0.0226443088693
1000,0.334,0.00303482612862,0.140648,0.0215774566906
1000,0.335,0.00306701103346,0.140832,0.0217777993174
1000,0.336,0.00305858920556,0.131944,0.0231809646938
1000,0.337,0.00309111294424,0.14321,0.0215844769516
1000,0.338,0.00312412596605,0.138296,0.0225901397441
1000,0.339,0.00311614905211,0.131863,0.0236317166461
1000,0.34,0.00314952710665,0.135701,0.0232093139081
1000,0.341,0.00318341543611,0.140107,0.0227213161092
1000,0.342,0.00317590999806,0.133938,0.0237117920087
1000,0.343,0.00321019154339,0.141116,0.0227486007496
1000,0.344,0.00324500585222,0.141182,0.0229845578914
1000,0.345,0.00323800094575,0.138911,0.023309895874
1000,0.346,0.00327323883908,0.141735,0.0230940758393
1000,0.347,0.00330903362107,0.141047,0.0234605033859
1000,0.348,0.00330256105651,0.14016,0.023562792926
1000,0.349,0.00333881220274,0.140107,0.0238304453221
1000,0.35,0.00337564615554,0.142802,0.0236386476068
1000,0.351,0.00336974079226,0.146512,0.0229997596938
1000,0.352,0.00340706655377,0.142891,0.0238438148923
1000,0.353,0.00344500300739,0.14295,0.02409935647
1000,0.354,0.00343970308669,0.143422,0.0239830924592
1000,0.355,0.00347816974389,0.150382,0.0231288967023
1000,0.356,0.00351727714268,0.141202,0.0249095419518
1000,0.357,0.00351262466508,0.142656,0.0246230418986
1000,0.358,0.00355230393533,0.147474,0.0240876624716
1000,0.359,0.00359265638152,0.149514,0.0240288961671
1000,0.36,0.00358869753541,0.145829,0.0246089429086
1000,0.361,0.0036296671592,0.14752,0.0246045767299
1000,0.362,0.00367134502733,0.159047,0.0230833969036
1000,0.363,0.00366813067716,0.150529,0.0243682657638
1000,0.364,0.00371047508191,0.153686,0.0241432211256
1000,0.365,0.00375356571535,0.152556,0.0246045105755
1000,0.366,0.00375115195904,0.158894,0.0236078892787
1000,0.367,0.00379496301299,0.163675,0.0231859661707
1000,0.368,0.00383956151567,0.156559,0.0245246936661
1000,0.369,0.00383801032291,0.158673,0.0241881751962
1000,0.37,0.00388338819365,0.15442,0.0251482203966
1000,0.371,0.00392959833254,0.162131,0.0242371806289
1000,0.372,0.00392897827767,0.158648,0.0247653817109
1000,0.373,0.00397603241281,0.166985,0.0238107160093
1000,0.374,0.00402396764994,0.162198,0.0248089843891
1000,0.375,0.00402435475605,0.164921,0.0244017120685
1000,0.376,0.00407320500689,0.165598,0.0245969456569
1000,0.377,0.00412298968296,0.172527,0.0238976489649
1000,0.378,0.00412446839716,0.161128,0.0255974653515
1000,0.379,0.00417524631036,0.165974,0.0251560263075
1000,0.38,0.00422701700706,0.165464,0.0255464451909
1000,0.381,0.00422968133089,0.170175,0.0248548924983
1000,0.382,0.00428253163846,0.168634,0.0253954222663
1000,0.383,0.00433643875151,0.166807,0.0259967432512
1000,0.384,0.00434039355597,0.162266,0.026748632221
1000,0.385,0.00439547589993,0.174196,0.0252329324435
1000,0.386,0.00445168546241,0.172204,0.0258512314604
1000,0.387,0.00445704802316,0.16867,0.0264246636815
1000,0.388,0.00451453895968,0.170213,0.0265228799192
1000,0.389,0.00457323476336,0.167817,0.0272513199697
1000,0.39,0.00458013655989,0.16863,0.027160864377
1000,0.391,0.00464023189716,0.175322,0.0264669117234
1000,0.392,0.00470161797049,0.174428,0.0269544910822
1000,0.393,0.00471020680337,0.198657,0.0237102483344
1000,0.394,0.0047731243402,0.175219,0.0272409061814
1000,0.395,0.00483742785531,0.197277,0.0245209925907
1000,0.396,0.00484787034823,0.190995,0.0253821846029
1000,0.397,0.00491385309627,0.188564,0.0260593384542
1000,0.398,0.00498132779443,0.185267,0.0268872912846
1000,0.399,0.00499381236455,0.230038,0.0217086410269
1000,0.4,0.00506313235708,0.218707,0.0231502986053
1000,0.401,0.00513406260419,0.196073,0.0261844445905
1000,0.402,0.00514880300525,0.18185,0.0283134616731
1000,0.403,0.00522176582145,0.184531,0.0282974991814
1000,0.404,0.00529647143367,0.184211,0.0287521995628
1000,0.405,0.00531371100387,0.208919,0.025434311881
1000,0.406,0.00539066117103,0.186797,0.0288583926457
1000,0.407,0.0054695031871,0.213665,0.0255984985239
1000,0.408,0.00548951996949,0.194455,0.0282302844848
1000,0.409,0.00557084744923,0.194559,0.0286332035487
1000,0.41,0.00565423507437,0.206676,0.0273579664517
1000,0.411,0.00567734802435,0.218748,0.0259538282606
1000,0.412,0.00576349604616,0.214437,0.0268773394804
1000,0.413,0.00585189505557,0.205416,0.0284880197043
1000,0.414,0.00587847161247,0.233773,0.0251460673922
1000,0.415,0.00596994619395,0.343631,0.0173731304625
1000,0.416,0.0060638891679,0.301583,0.0201068666599
1000,0.417,0.00609435455082,0.212584,0.0286679832481
1000,0.418,0.00619173614537,0.31415,0.0197094895603
1000,0.419,0.00629183502069,0.226537,0.0277739840321
1000,0.42,0.00632668372111,0.396526,0.0159552809175
1000,0.421,0.00643064157073,0.444748,0.0144590679907
1000,0.422,0.0065376031461,0.30452,0.0214685509855
1000,0.423,0.00657741324327,0.4057,0.0162125049132
1000,0.424,0.00668872320135,0.337913,0.0197942168586
1000,0.425,0.0068033684428,0.244524,0.02782290672
1000,0.426,0.00684881957922,0.234207,0.0292425912941
1000,0.427,0.00696838642559,0.208101,0.0334855979817
1000,0.428,0.00709167470826,0.210958,0.0336165241814
1000,0.429,0.00714357085786,0.208018,0.0343411188352
1000,0.43,0.00727245648902,0.21192,0.03431698985
1000,0.431,0.0074055163172,0.224232,0.0330261350619
1000,0.432,0.00746481489592,0.216265,0.0345169809998
1000,0.433,0.00760427428251,0.210474,0.0361292809683
1000,0.434,0.00774844260723,0.208575,0.0371494311745
1000,0.435,0.00781629207391,0.215463,0.0362767253492
1000,0.436,0.00796781960888,0.215116,0.0370396419089
1000,0.437,0.00812469269487,0.204191,0.0397896709202
1000,0.438,0.0082024816597,0.21931,0.0374013116579
1000,0.439,0.00836787158637,0.215202,0.0388838002731
1000,0.44,0.00853937159986,0.216898,0.0393704487817
1000,0.441,0.00862879374438,0.226983,0.0380151541938
1000,0.442,0.00881021993251,0.21667,0.0406619279665
1000,0.443,0.0089986832396,0.213073,0.0422328649787
1000,0.444,0.00910182428724,0.226576,0.0401711756198
1000,0.445,0.00930194700891,0.303804,0.0306182506119
1000,0.446,0.00951024293649,0.510875,0.0186155966459
1000,0.447,0.00962969888363,0.386451,0.0249182920568
1000,0.448,0.00985180991057,0.286488,0.0343882114105
1000,0.449,0.0100835030055,0.273401,0.036881734176
1000,0.45,0.0102225434805,0.266318,0.0383847260812
1000,0.451,0.0104707666038,0.294319,0.0355762509516
1000,0.452,0.010730342225,0.236064,0.0454552249601
1000,0.453,0.0108931403217,0.225223,0.0483660208846
1000,0.454,0.0111727137207,0.23693,0.0471561799717
1000,0.455,0.0114658978684,0.235888,0.0486073809111
1000,0.456,0.0116578601322,0.23945,0.0486859892761
1000,0.457,0.0119755424893,0.234516,0.0510649272943
1000,0.458,0.0123097653205,0.248825,0.0494715776973
1000,0.459,0.0125380165135,0.283523,0.0442222201143
1000,0.46,0.0129026852439,0.285474,0.0451974093748
1000,0.461,0.0132877698118,0.241635,0.0549910808113
1000,0.462,0.0135618838816,0.294993,0.0459735786329
1000,0.463,0.0139854407528,0.273255,0.0511809143577
1000,0.464,0.0144346561022,0.264919,0.0544870549193
1000,0.465,0.0147677919542,0.292391,0.0505069990329
1000,0.466,0.0152665779025,0.250957,0.060833441197
1000,0.467,0.0157983034615,0.256781,0.0615244253334
1000,0.468,0.016209032277,0.271456,0.0597114533367
1000,0.469,0.0168061204109,0.268214,0.0626593705433
1000,0.47,0.0174465805175,0.268191,0.0650528187652
1000,0.471,0.0179619487122,0.255555,0.0702860390607
1000,0.472,0.0186910255122,0.310275,0.0602401918047
1000,0.473,0.0194789939276,0.259352,0.0751063956616
1000,0.474,0.0201399150065,0.290835,0.0692485945862
1000,0.475,0.0210522015516,0.253058,0.0831912113096
1000,0.476,0.0220475587005,0.262566,0.0839695874581
1000,0.477,0.0229188877069,0.260146,0.0881000965107
1000,0.478,0.0240962970178,0.289664,0.0831870616223
1000,0.479,0.0253967034276,0.273589,0.0928279405518
1000,0.48,0.0265875112979,0.270396,0.0983280495937
1000,0.481,0.0281697535343,0.268491,0.104918800013
1000,0.482,0.0299461013892,0.263847,0.11349797947
1000,0.483,0.0316545548026,0.268437,0.11792172764
1000,0.484,0.0339011189674,0.257795,0.131504175672
1000,0.485,0.0364820903701,0.266778,0.136750745451
1000,0.486,0.039108287352,0.290383,0.134678295052
1000,0.487,0.0425617705567,0.26755,0.159079688121
1000,0.488,0.0466703253141,0.280824,0.1661906579
1000,0.489,0.0511560307149,0.285305,0.179302958991
1000,0.49,0.057171004154,0.27052,0.211337439575
1000,0.491,0.06476384444,0.372443,0.173889278198
1000,0.492,0.0739461367848,0.30117,0.245529557342
1000,0.493,0.0870829906687,0.288243,0.302116584509
1000,0.494,0.105843724406,0.362266,0.29217128962
1000,0.495,0.133539953577,0.299503,0.445871839603
1000,0.496,0.183298706375,0.288882,0.634510652705
1000,0.497,0.29342507807,0.313778,0.935135917973
1000,0.498,0.945282434486,0.310312,3.04623229036
1000,0.499,0.999999993212,0.303655,3.29321102308
